Company;City;Address
Depo;Kaunas;Vakarinis aplinkl. 8, Kaunas 48182
Ermitaşas;Kaunas;Raudondvario pl. 131, Kaunas 47501
Ermitaşas;Kaunas;Pramonës pr. 6b, Kaunas 51267
Moki-veşi;Kaunas;Raudondvario pl. 205, Kaunas 47153
Senukai;Kaunas;Veiveriø g. 148B, Kaunas 46392
Senukai;Kaunas;Draugystës g. 8, Kaunas 51264
Senukai;Kaunas;Islandijos pl. 32, Kaunas 44001
Senukai;Kaunas;Jonavos g. 62, Kaunas 51500
Topo centras;Kaunas;Islandijos pl. 32, Kaunas 47446
Skytech;Kaunas;Savanoriø pr. 237, Kaunas 50184
